{
    "accuracy": 0.507,
    "precision": 0.5393034825870647,
    "recall": 0.5089201877934272,
    "f1_score": 0.523671497584541,
    "roc_auc": 0.5198393211317818,
    "pr_auc": 0.5531799477848477
}