{
    "accuracy": 0.5145,
    "precision": 0.5577395577395577,
    "recall": 0.4262910798122066,
    "f1_score": 0.48323576370409793,
    "roc_auc": 0.5204117395998092,
    "pr_auc": 0.5481268446835832
}