{
    "accuracy": 0.513,
    "precision": 0.536961819658814,
    "recall": 0.6206572769953052,
    "f1_score": 0.5757839721254355,
    "roc_auc": 0.5013356430920639,
    "pr_auc": 0.5338241228827242
}