{
    "accuracy": 0.556,
    "precision": 0.0335946248600224,
    "recall": 0.5454545454545454,
    "f1_score": 0.06329113924050633,
    "roc_auc": 0.5629726571628886,
    "pr_auc": 0.043249061798461816
}