{
    "accuracy": 0.556,
    "precision": 0.03567447045707915,
    "recall": 0.5818181818181818,
    "f1_score": 0.06722689075630252,
    "roc_auc": 0.5851928020565553,
    "pr_auc": 0.04474857934693702
}