{
    "accuracy": 0.9725,
    "precision": 0.0,
    "recall": 0.0,
    "f1_score": 0.0,
    "roc_auc": 0.6253750876372984,
    "pr_auc": 0.04315692787752179
}