{
    "accuracy": 0.387,
    "precision": 0.028962188254223652,
    "recall": 0.6545454545454545,
    "f1_score": 0.05546995377503852,
    "roc_auc": 0.5630474409908858,
    "pr_auc": 0.04458963336260328
}