threshold,precision,recall,f1_score,tn,fp,fn,tp
0.3,0.029614325068870524,0.7818181818181819,0.05706702057067021,536,1409,12,43
0.4,0.030619865571321882,0.7454545454545455,0.058823529411764705,647,1298,14,41
0.5,0.028962188254223652,0.6545454545454545,0.05546995377503852,738,1207,19,36
0.55,0.030456852791878174,0.6545454545454545,0.0582053354890865,799,1146,19,36
0.6,0.031746031746031744,0.6545454545454545,0.060555088309503784,847,1098,19,36
0.65,0.03089887640449438,0.6,0.058771148708815675,910,1035,22,33
