,accuracy,precision,recall,f1_score,roc_auc,pr_auc
highrisk_logistic_regression,0.524,0.536664503569111,0.7765258215962442,0.634689178818112,0.5191664783711181,0.5474214592245555
highrisk_random_forest,0.513,0.536961819658814,0.6206572769953052,0.5757839721254355,0.5013356430920639,0.5338241228827242
highrisk_logreg_smote,0.5145,0.5577395577395577,0.4262910798122066,0.48323576370409793,0.5204117395998092,0.5481268446835832
highrisk_xgboost_smote,0.507,0.5393034825870647,0.5089201877934272,0.523671497584541,0.5198393211317818,0.5531799477848477
