threshold,accuracy,precision,recall,f1_score,true_negatives,false_positives,false_negatives,true_positives
0.4,0.5325,0.5325,1.0,0.6949429037520392,0,935,0,1065
0.45,0.5315,0.5320641282565131,0.9971830985915493,0.6938908853315909,1,934,3,1062
0.5,0.524,0.536664503569111,0.7765258215962442,0.634689178818112,221,714,238,827
0.55,0.5055,0.5517711171662125,0.38028169014084506,0.4502501389660923,606,329,660,405
0.6,0.47,0.5287356321839081,0.0431924882629108,0.0798611111111111,894,41,1019,46
