{
    "accuracy": 0.524,
    "precision": 0.536664503569111,
    "recall": 0.7765258215962442,
    "f1_score": 0.634689178818112,
    "roc_auc": 0.5191664783711181,
    "pr_auc": 0.5474214592245555
}